,Gene,NCBI mRNA accession,NCBI protein accession,cDNA change,Amino acid change,Classification
0,MYBPC3,NM_000256.3,NP_000247.2,c.440C>T,p.Pro147Leu,Likely_Benign
1,MYBPC3,NM_000256.3,NP_000247.2,c.472G>A,p.Val158Met,Benign
2,MYBPC3,NM_000256.3,NP_000247.2,c.565G>A,p.Val189Ile,Likely_Benign
3,MYBPC3,NM_000256.3,NP_000247.2,c.706A>G,p.Ser236Gly,Benign
4,MYBPC3,NM_000256.3,NP_000247.2,c.772G>A,p.Glu258Lys,Pathogenic
5,MYBPC3,NM_000256.3,NP_000247.2,c.833G>A,p.Gly278Glu,Likely_Benign
6,MYBPC3,NM_000256.3,NP_000247.2,c.842G>A,p.Arg281Gln,Likely_Benign
7,MYBPC3,NM_000256.3,NP_000247.2,c.977G>A,p.Arg326Gln,Benign
8,MYBPC3,NM_000256.3,NP_000247.2,c.1144C>T,p.Arg382Trp,Benign
9,MYBPC3,NM_000256.3,NP_000247.2,c.1147C>G,p.Leu383Val,Likely_Benign
10,MYBPC3,NM_000256.3,NP_000247.2,c.1246G>A,p.Gly416Ser,Likely_Benign
11,MYBPC3,NM_000256.3,NP_000247.2,c.1351G>C,p.Glu451Gln,Pathogenic
12,MYBPC3,NM_000256.3,NP_000247.2,c.1484G>A,p.Arg495Gln,Pathogenic
13,MYBPC3,NM_000256.3,NP_000247.2,c.1505G>A,p.Arg502Gln,Pathogenic
14,MYBPC3,NM_000256.3,NP_000247.2,c.1504C>T,p.Arg502Trp,Pathogenic
15,MYBPC3,NM_000256.3,NP_000247.2,c.1519G>A,p.Gly507Arg,Likely_Benign
16,MYBPC3,NM_000256.3,NP_000247.2,c.1564G>A,p.Ala522Thr,Likely_Benign
17,MYBPC3,NM_000256.3,NP_000247.2,c.1633C>A,p.Leu545Met,Likely_Benign
18,MYBPC3,NM_000256.3,NP_000247.2,c.2063C>A,p.Thr688Lys,Likely_Benign
19,MYBPC3,NM_000256.3,NP_000247.2,c.2265C>A,p.Asn755Lys,Pathogenic
20,MYBPC3,NM_000256.3,NP_000247.2,c.2410C>A,p.Leu804Met,Likely_Benign
21,MYBPC3,NM_000256.3,NP_000247.2,c.2498C>T,p.Ala833Val,Benign
22,MYBPC3,NM_000256.3,NP_000247.2,c.2686G>A,p.Val896Met,Likely_Benign
23,MYBPC3,NM_000256.3,NP_000247.2,c.3004C>T,p.Arg1002Trp,Likely_Benign
24,MYBPC3,NM_000256.3,NP_000247.2,c.3142C>T,p.Arg1048Cys,Likely_Benign
25,MYBPC3,NM_000256.3,NP_000247.2,c.3413G>A,p.Arg1138His,Likely_Benign
26,MYH7,NM_000257.4,NP_000248.2,c.8A>C,p.Asp3Ala,Likely_Benign
27,MYH7,NM_000257.4,NP_000248.2,c.321T>G,p.Asp107Glu,Likely_Benign
28,MYH7,NM_000257.4,NP_000248.2,c.438G>T,p.Lys146Asn,Pathogenic
29,MYH7,NM_000257.4,NP_000248.2,c.767G>A,p.Gly256Glu,Pathogenic
30,MYH7,NM_000257.4,NP_000248.2,c.1208G>A,p.Arg403Gln,Pathogenic
31,MYH7,NM_000257.4,NP_000248.2,c.1207C>T,p.Arg403Trp,Pathogenic
32,MYH7,NM_000257.4,NP_000248.2,c.1357C>T,p.Arg453Cys,Pathogenic
33,MYH7,NM_000257.4,NP_000248.2,c.1750G>C,p.Gly584Arg,Pathogenic
34,MYH7,NM_000257.4,NP_000248.2,c.1816G>A,p.Val606Met,Pathogenic
35,MYH7,NM_000257.4,NP_000248.2,c.1988G>A,p.Arg663His,Pathogenic
36,MYH7,NM_000257.4,NP_000248.2,c.2146G>A,p.Gly716Arg,Pathogenic
37,MYH7,NM_000257.4,NP_000248.2,c.2156G>A,p.Arg719Gln,Pathogenic
38,MYH7,NM_000257.4,NP_000248.2,c.2155C>T,p.Arg719Trp,Pathogenic
39,MYH7,NM_000257.4,NP_000248.2,c.2167C>T,p.Arg723Cys,Pathogenic
40,MYH7,NM_000257.4,NP_000248.2,c.2167C>G,p.Arg723Gly,Pathogenic
41,MYH7,NM_000257.4,NP_000248.2,c.2221G>T,p.Gly741Trp,Pathogenic
42,MYH7,NM_000257.4,NP_000248.2,c.2389G>A,p.Ala797Thr,Pathogenic
43,MYH7,NM_000257.4,NP_000248.2,c.2609G>A,p.Arg870His,Pathogenic
44,MYH7,NM_000257.4,NP_000248.2,c.2717A>G,p.Asp906Gly,Pathogenic
45,MYH7,NM_000257.4,NP_000248.2,c.2722C>G,p.Leu908Val,Pathogenic
46,MYH7,NM_000257.4,NP_000248.2,c.2770G>A,p.Glu924Lys,Pathogenic
47,MYH7,NM_000257.4,NP_000248.2,c.2788G>A,p.Glu930Lys,Pathogenic
48,MYH7,NM_000257.4,NP_000248.2,c.3981C>A,p.Asn1327Lys,Likely_Benign
49,MYH7,NM_000257.4,NP_000248.2,c.4135G>A,p.Ala1379Thr,Pathogenic
50,MYH7,NM_000257.4,NP_000248.2,c.4472C>G,p.Ser1491Cys,Benign
51,MYH7,NM_000257.4,NP_000248.2,c.4555A>T,p.Ser1519Cys,Likely_Benign
52,MYL2,NM_000432.3,NP_000423.2,c.64G>A,p.Glu22Lys,Pathogenic
53,MYL2,NM_000432.3,NP_000423.2,c.173G>A,p.Arg58Gln,Pathogenic
54,TNNI3,NM_000363.4,NP_000354.4,c.235C>T,p.Arg79Cys,Likely_Benign
55,TNNI3,NM_000363.4,NP_000354.4,c.244C>T,p.Pro82Ser,Likely_Benign
56,TNNI3,NM_000363.4,NP_000354.4,c.244C>A,p.Pro82Thr,Likely_Benign
57,TNNI3,NM_000363.4,NP_000354.4,c.253T>A,p.Leu85Met,Likely_Benign
58,TNNI3,NM_000363.4,NP_000354.4,c.257C>A,p.Ala86Asp,Likely_Benign
59,TNNI3,NM_000363.4,NP_000354.4,c.433C>G,p.Arg145Gly,Pathogenic
60,TNNI3,NM_000363.4,NP_000354.4,c.433C>T,p.Arg145Trp,Pathogenic
61,TNNI3,NM_000363.4,NP_000354.4,c.470C>T,p.Ala157Val,Pathogenic
62,TNNI3,NM_000363.4,NP_000354.4,c.485G>A,p.Arg162Gln,Pathogenic
63,TNNI3,NM_000363.4,NP_000354.4,c.557G>A,p.Arg186Gln,Pathogenic
64,TNNI3,NM_000363.4,NP_000354.4,c.575G>A,p.Arg192His,Pathogenic
65,TNNT2,NM_001001430.1,NP_001001430.1,c.236T>A,p.Ile79Asn,Pathogenic
66,TNNT2,NM_001001430.1,NP_001001430.1,c.275G>A,p.Arg92Gln,Pathogenic
67,TNNT2,NM_001001430.1,NP_001001430.1,c.274C>T,p.Arg92Trp,Pathogenic
68,TNNT2,NM_001001430.1,NP_001001430.1,c.421C>T,p.Arg141Trp,Pathogenic
69,TNNT2,NM_001001430.1,NP_001001430.1,c.682C>G,p.Gln228Glu,Likely_Benign
70,TNNT2,NM_001001430.1,NP_001001430.1,c.758A>G,p.Lys253Arg,Benign
71,TNNT2,NM_001001430.1,NP_001001430.1,c.805A>T,p.Asn269Tyr,Likely_Benign
72,TPM1,NM_000366.5,NP_000357.3,c.523G>A,p.Asp175Asn,Pathogenic
73,TPM1,NM_000366.5,NP_000357.3,c.688G>A,p.Asp230Asn,Pathogenic
